Timestamp,Object
2026-06-14 17:20:49,person
2026-06-14 17:20:51,person
2026-06-14 17:20:51,person
2026-06-14 17:20:52,person
2026-06-14 17:20:52,person
2026-06-14 17:20:52,person
2026-06-14 17:20:52,person
2026-06-14 17:20:52,person
2026-06-14 17:20:52,person
2026-06-14 17:20:52,person
2026-06-14 17:20:52,person
2026-06-14 17:20:53,person
2026-06-14 17:20:53,person
2026-06-14 17:20:53,person
2026-06-14 17:20:53,person
2026-06-14 17:20:53,person
2026-06-14 17:20:53,person
2026-06-14 17:20:53,person
2026-06-14 17:20:53,person
2026-06-14 17:20:53,person
2026-06-14 17:20:53,person
2026-06-14 17:20:54,person
2026-06-14 17:20:54,person
2026-06-14 17:20:54,person
2026-06-14 17:20:54,person
2026-06-14 17:20:54,person
2026-06-14 17:20:54,person
2026-06-14 17:20:54,person
2026-06-14 17:20:54,person
2026-06-14 17:20:54,person
2026-06-14 17:20:54,person
2026-06-14 17:20:55,person
2026-06-14 17:20:55,person
2026-06-14 17:20:55,person
2026-06-14 17:20:55,person
2026-06-14 17:20:55,person
2026-06-14 17:20:55,person
2026-06-14 17:20:55,person
2026-06-14 17:20:55,cell phone
2026-06-14 17:20:56,cell phone
2026-06-14 17:20:56,cell phone
2026-06-14 17:20:56,cell phone
2026-06-14 17:20:56,cell phone
2026-06-14 17:20:56,person
2026-06-14 17:20:57,person
2026-06-14 17:20:57,person
2026-06-14 17:20:57,person
2026-06-14 17:20:57,person
2026-06-14 17:20:57,person
2026-06-14 17:20:57,person
2026-06-14 17:20:58,person
2026-06-14 17:20:58,person
2026-06-14 17:20:58,person
2026-06-14 17:20:58,person
2026-06-14 17:20:58,person
2026-06-14 17:20:58,person
2026-06-14 17:20:58,person
2026-06-14 17:20:58,person
2026-06-14 17:20:58,person
2026-06-14 17:20:58,cell phone
2026-06-14 17:20:59,cell phone
2026-06-14 17:20:59,person
2026-06-14 17:21:00,person
2026-06-14 17:21:00,person
2026-06-14 17:21:00,person
2026-06-14 17:21:00,person
2026-06-14 17:21:00,person
2026-06-14 17:21:00,person
2026-06-14 17:21:00,person
2026-06-14 17:21:00,person
2026-06-14 17:21:00,person
2026-06-14 17:21:01,person
2026-06-14 17:21:01,person
2026-06-14 17:21:01,person
2026-06-14 17:21:01,cell phone
2026-06-14 17:21:02,person
2026-06-14 17:21:02,person
2026-06-14 17:21:02,person
2026-06-14 17:21:02,person
2026-06-14 17:21:02,person
2026-06-14 17:21:02,person
2026-06-14 17:21:03,person
2026-06-14 17:21:03,person
2026-06-14 17:21:03,person
2026-06-14 17:21:03,person
2026-06-14 17:21:03,person
2026-06-14 17:21:03,person
2026-06-14 17:21:03,person
2026-06-14 17:21:03,person
2026-06-14 17:21:03,person
2026-06-14 17:21:04,person
2026-06-14 17:21:04,person
2026-06-14 17:21:04,person
2026-06-14 17:21:04,person
2026-06-14 17:21:04,person
2026-06-14 17:21:04,person
2026-06-14 17:21:04,person
2026-06-14 17:21:04,person
2026-06-14 17:21:04,person
2026-06-14 17:21:05,person
2026-06-14 17:21:05,person
2026-06-14 17:21:05,cell phone
2026-06-14 17:21:05,cell phone
2026-06-14 17:21:06,cell phone
2026-06-14 17:21:06,cell phone
2026-06-14 17:21:06,person
2026-06-14 17:21:06,cell phone
2026-06-14 17:21:07,cell phone
2026-06-14 17:21:07,person
2026-06-14 17:21:07,person
2026-06-14 17:21:08,person
2026-06-14 17:21:08,person
2026-06-14 17:21:08,person
2026-06-14 17:21:08,cell phone
2026-06-14 17:21:09,person
2026-06-14 17:21:09,person
2026-06-14 17:21:09,person
2026-06-14 17:21:09,person
2026-06-14 17:21:10,person
2026-06-14 17:21:10,person
2026-06-14 17:21:10,person
2026-06-14 17:21:10,person
2026-06-14 17:21:10,person
2026-06-14 17:21:10,person
2026-06-14 17:21:10,person
2026-06-14 17:21:10,person
2026-06-14 17:21:11,person
2026-06-14 17:21:11,person
2026-06-14 17:21:11,person
2026-06-14 17:21:11,person
2026-06-14 17:21:11,person
2026-06-14 17:21:11,person
2026-06-14 17:21:11,person
2026-06-14 17:21:11,person
2026-06-14 17:21:12,person
2026-06-14 17:21:12,person
2026-06-14 17:21:12,person
2026-06-14 17:21:12,person
2026-06-14 17:21:12,person
2026-06-14 17:21:12,person
2026-06-14 17:21:12,person
2026-06-14 17:21:12,person
2026-06-14 17:21:13,person
2026-06-14 17:21:13,person
2026-06-14 17:21:13,person
2026-06-14 17:21:13,person
2026-06-14 17:21:13,person
2026-06-14 17:21:13,person
